<!DOCTYPE hibernate-configuration PUBLIC
        "-//Hibernate/Hibernate Configuration DTD 3.0//EN"
        "http://www.hibernate.org/dtd/hibernate-configuration-3.0.dtd">
<hibernate-configuration>
    <session-factory>
        <!-- Konfiguracja połączenia do bazy danych PostgreSQL -->
        <property name="hibernate.connection.url">jdbc:postgresql://localhost:5432/library</property>
        <property name="hibernate.connection.username">postgres</property>
        <property name="hibernate.connection.password">2302</property>
        <property name="hibernate.dialect">org.hibernate.dialect.PostgreSQLDialect</property>

        <!-- Logowanie zapytań SQL -->
        <property name="hibernate.show_sql">true</property>
        <property name="hibernate.format_sql">true</property>
        <property name="hibernate.use_sql_comments">true</property>

        <!-- Automatyczna aktualizacja schematu bazy -->
        <property name="hibernate.hbm2ddl.auto">update</property>

        <!-- Mapowanie encji -->
        <mapping class="com.example.libraryproject.models.User"/>
        <mapping class="com.example.libraryproject.models.Book"/>
        <mapping class="com.example.libraryproject.models.Author"/>
        <mapping class="com.example.libraryproject.models.BorrowedBook"/>
    </session-factory>
</hibernate-configuration>